{"<epoch> Train Loss": 4.852471828460693, "<epoch> Valid Metric": -0.19231604039669037, "_timestamp": 1687447887.4352174, "_runtime": 12865.966769456863, "_step": 0, "_wandb": {"runtime": 12936}}