{"<epoch> Train Loss": 4.852564334869385, "<epoch> Valid Metric": -0.1940338909626007, "_timestamp": 1687488955.9370415, "_runtime": 14502.719933509827, "_step": 0, "_wandb": {"runtime": 14590}}