{"<epoch> Train Loss": 4.8524169921875, "<epoch> Valid Metric": -0.18859486281871796, "_timestamp": 1687461754.1181748, "_runtime": 13400.113733768463, "_step": 0, "_wandb": {"runtime": 13450}}